{"file:///C:/Users/user/OneDrive/3RD-YEAR(SECOND%20SEM)/Practicum1/FINALS/ContactAdmin":{"assets/web/assets/jquery/jquery.min.js":"V5Dq1607onOXrt+j0mO4Zw==","assets/bootstrap/css/bootstrap.min.css":"RQ/EY7ixo0nfcXBW+7PgeA==","assets/bootstrap/css/bootstrap-grid.min.css":"a6LeNNuqhRu1LJbHvTM1Lg==","assets/bootstrap/css/bootstrap-reboot.min.css":"TlWTM3JQaaM6nQ8zh2UupQ==","assets/bootstrap/js/bootstrap.min.js":"FNRJ64h2+lXh7zwsxSsMFw==","assets/popper/popper.min.js":"NiE4ESlZe/NNSKniYj4FyQ==","assets/tether/tether.min.css":"YhVaOUjL8Xsb9LQHyQq4Tw==","assets/tether/tether.min.js":"PlC291/0Eo8keLHUT4D9+w==","assets/theme/css/style.css":"5RpIdNGwA2Nr/tQJ3mH8hA==-VITbTf54ezV7Z7I/e4lZVw==","assets/smoothscroll/smooth-scroll.js":"KWAEIcStVIbTDi5Ah2psSQ==","assets/dropdown/css/style.css":"s+S8lVC62P0BWFtgHpaNFA==","assets/dropdown/js/script.min.js":"XKwdlgq/KqgA8/xiKfaAVw==","assets/touchswipe/jquery.touch-swipe.min.js":"9g/wVGnRdXmW2F9BctT/TQ==","assets/web/assets/mobirise-icons/mobirise-icons.css":"RVE1Au0iQ4C1HCKJDC+/mQ==","assets/web/assets/mobirise-icons/mobirise-icons.eot":"d1DWj4ts/6jfjnda7g4Q2A==","assets/web/assets/mobirise-icons/mobirise-icons.svg":"Yp5pSlGdnLgPdQLUa/Yv3w==","assets/web/assets/mobirise-icons/mobirise-icons.ttf":"sxxNoGToYfNN/LuoyTYkfg==","assets/web/assets/mobirise-icons/mobirise-icons.woff":"rcbBnBdGlGMmyU5U/bmzjg==","assets/socicon/css/styles.css":"CJiiT9PQDkx8b/7uvhdvqA==","assets/socicon/fonts/socicon.eot":"XHkUXqWN9KkbI2JOr7etKQ==","assets/socicon/fonts/socicon.svg":"o1tldE9Vf6tUJOmbttTpgA==","assets/socicon/fonts/socicon.ttf":"1n97zWg+ogcaXBgcQsNnBA==","assets/socicon/fonts/socicon.woff":"n3NmYDMK3z2OXXC2s0nxxw==","assets/images/hashes.json":"24zsZ9QhEKnhvjmCKcd6fg==","assets/images/cart-icon-png-graphic-cave-122x64.png":"D09Gxdk91mQHsMPg+rQ9Hg==","assets/images/cart-icon-png-graphic-cave-192x100.png":"/n7vL6XKGblxXiazAWHuBQ==","assets/formoid/formoid.min.js":"LS3ZNNEFXEEIXvN30NLGPw=="}}